{"cameraMode":{"drawMode":0,"name":"Shaded","section":"Shading Mode"},"sceneLighting":true,"audioPlay":false,"sceneViewState":{"showFog":true,"showMaterialUpdate":false,"showSkybox":true,"showFlares":true,"showImageEffects":true,"showParticleSystems":true},"in2DMode":false,"pivot":{"x":-1.7945131063461304,"y":2.5248496532440187,"z":-2.4634389877319338},"rotation":{"x":0.2952845096588135,"y":-0.551297128200531,"z":0.21721792221069337,"w":0.749506950378418},"size":11.457647323608399,"orthographic":false}