{"cameraMode":{"drawMode":0,"name":"Shaded","section":"Shading Mode"},"sceneLighting":true,"audioPlay":false,"sceneViewState":{"showFog":true,"showMaterialUpdate":false,"showSkybox":true,"showFlares":true,"showImageEffects":true,"showParticleSystems":true},"in2DMode":false,"pivot":{"x":4.995022773742676,"y":2.3694217205047609,"z":2.0525755882263185},"rotation":{"x":0.030227497220039369,"y":0.7618862986564636,"z":-0.035730522125959399,"w":0.6462455987930298},"size":0.7650737762451172,"orthographic":false}