{"cameraMode":{"drawMode":0,"name":"Shaded","section":"Shading Mode"},"sceneLighting":true,"audioPlay":false,"sceneViewState":{"showFog":true,"showMaterialUpdate":false,"showSkybox":true,"showFlares":true,"showImageEffects":true,"showParticleSystems":true},"in2DMode":false,"pivot":{"x":3.8573079109191896,"y":1.104636549949646,"z":-0.6699278950691223},"rotation":{"x":-0.042702656239271167,"y":0.8304142355918884,"z":-0.06377799808979035,"w":-0.5522491931915283},"size":4.451807022094727,"orthographic":false}